cnuc;uc;biocgfun;prodes;2021;2020;2019;2018;2017;2016;2015;2014;2013;2012;2011;2010;2009;2008;2007;2006;2005;2004;2003;2002;2001;2000;1997
0000.00.0001;APA Anhatomirim;Marinho-Costeiro;Não;0;0;0;0;0;0;0;0;0;0;0;0;0;0;0;0;0;0;0;0;0;0;0
0000.00.0002;APA Cavernas do Peruaçu;Cerrado;Sim;41,8698;25,9009;8,686;27,0174;90,3144;15,5474;95,8332;174,4544;496,0945;561,99365;561,99365;522,14965;522,14965;127,8657;127,8657;1455,18475;1455,18475;1442,04345;1442,04345;823,97995;823,97995;7048,5908;0
0000.00.0003;APA da Bacia do Rio Descoberto;Cerrado;Sim;29,4815;16,9189;6,1382;34,8262;47,261;27,5458;15,1121;242,1009;44,4583;28,701;28,701;40,799;40,799;60,666;60,666;133,0672;133,0672;424,46005;424,46005;35,2013;35,2013;24411,3688;0
0000.00.0004;APA da Bacia do Rio São Bartolomeu;Cerrado;Sim;81,5854;75,1749;80,5036;185,9016;65,1662;32,8627;100,6799;291,6808;336,4241;129,88555;129,88555;562,1281;562,1281;114,38775;114,38775;521,3432;521,3432;1970,2341;1970,2341;110,89395;110,89395;40247,2264;0
0000.00.0005;APA da Bacia do Rio São João - Mico-Leão-Dourado;Mata Atlântica;Não;0;0;0;0;0;0;0;0;0;0;0;0;0;0;0;0;0;0;0;0;0;0;0
0000.00.0006;APA da Baleia Franca;Marinho-Costeiro;Não;0;0;0;0;0;0;0;0;0;0;0;0;0;0;0;0;0;0;0;0;0;0;0
0000.00.0007;APA Barra do Rio Mamanguape;Marinho-Costeiro;Não;0;0;0;0;0;0;0;0;0;0;0;0;0;0;0;0;0;0;0;0;0;0;0
0000.00.0008;APA Chapada do Araripe;Caatinga;Não;0;0;0;0;0;0;0;0;0;0;0;0;0;0;0;0;0;0;0;0;0;0;0
0000.00.0009;APA Costa dos Corais;Marinho-Costeiro;Não;0;0;0;0;0;0;0;0;0;0;0;0;0;0;0;0;0;0;0;0;0;0;0
0000.00.0010;APA de Petrópolis;Mata Atlântica;Não;0;0;0;0;0;0;0;0;0;0;0;0;0;0;0;0;0;0;0;0;0;0;0
0000.00.0011;APA Serra da Mantiqueira;Mata Atlântica;Não;0;0;0;0;0;0;0;0;0;0;0;0;0;0;0;0;0;0;0;0;0;0;0
0000.00.0012;APA Serra da Tabatinga;Cerrado;Sim;699,9801;368,4614;1115,9382;2518,3705;432,0308;14,8942;411,0192;1466,6848;671,3149;1351,836;1351,836;945,41215;945,41215;3084,51825;3084,51825;872,9935;872,9935;1726,06465;1726,06465;1247,33605;1247,33605;9970,4472;0
0000.00.0013;APA de Cairuçu;Marinho-Costeiro;Não;0;0;0;0;0;0;0;0;0;0;0;0;0;0;0;0;0;0;0;0;0;0;0
0000.00.0014;APA de Cananéia-Iguape-Peruíbe;Marinho-Costeiro;Não;0;0;0;0;0;0;0;0;0;0;0;0;0;0;0;0;0;0;0;0;0;0;0
0000.00.0015;APA de Fernando de Noronha -Rocas – São Pedro e São Paulo;Marinho-Costeiro;Não;0;0;0;0;0;0;0;0;0;0;0;0;0;0;0;0;0;0;0;0;0;0;0
0000.00.0016;APA de Guapi-Mirim;Marinho-Costeiro;Não;0;0;0;0;0;0;0;0;0;0;0;0;0;0;0;0;0;0;0;0;0;0;0
0000.00.0017;APA de Guaraqueçaba;Mata Atlântica;Não;0;0;0;0;0;0;0;0;0;0;0;0;0;0;0;0;0;0;0;0;0;0;0
0000.00.0018;APA de Piaçabuçu;Marinho-Costeiro;Não;0;0;0;0;0;0;0;0;0;0;0;0;0;0;0;0;0;0;0;0;0;0;0
0000.00.0019;APA Delta do Parnaíba;Marinho-Costeiro;Sim;342,8655;549,8499;639,233;893,9644;502,0757;527,7738;660,758;1201,1497;581,7008;573,3856;573,3856;568,76835;568,76835;1730,6215;1730,6215;997,1394;997,1394;2091,41335;2091,41335;1186,1437;1186,1437;4751,2088;0
0000.00.0020;APA Carste da Lagoa Santa;Cerrado;Sim;21,0406;10,1378;5,2291;1,6745;55,1189;5,3779;28,3808;180,7024;160,6976;66,5998;66,5998;30,6044;30,6044;218,6854;218,6854;293,39125;293,39125;390,6809;390,6809;333,10765;333,10765;24379,8237;0
0000.00.0021;APA Ibirapuitã;Pampas;Não;0;0;0;0;0;0;0;0;0;0;0;0;0;0;0;0;0;0;0;0;0;0;0
0000.00.0022;APA do Igarapé Gelado;Amazônia;Sim;7,6759;23,7543;9,8064;0;0;0,0857;0;0;9,85;0;0;10,86;0;123,1;79,6;66,09;186,72;230,78;81,35;202,67;87,08;1326,33;6436,55
0000.00.0023;APA do Planalto Central;Cerrado;Sim;599,1107;579,7564;185,0119;634,1437;521,2662;324,1647;513,316;1673,1624;2194,1988;599,87825;599,87825;667,6363;667,6363;896,6538;896,6538;2694,4552;2694,4552;8093,4914;8093,4914;1198,01205;1198,01205;199766,9264;0
0000.00.0024;APA Meandros do Araguaia;Cerrado;Sim;596,2241;444,189;238,4856;124,0493;7,0088;7,8734;2,4809;0;1,22;10,57;69,89;55,84;0;21,51;72,23;6,99;149,97;0;7,99;0;0;17,46;1324,49
0000.00.0025;APA das Ilhas e Várzeas do Rio Paraná;Mata Atlântica;Não;0;0;0;0;0;0;0;0;0;0;0;0;0;0;0;0;0;0;0;0;0;0;0
0000.00.0027;APA Morro da Pedreira;Cerrado;Sim;37,6719;79,1814;66,1095;3,2558;484,9538;26,9789;291,9323;1905,1226;499,8903;279,0794;279,0794;179,9171;179,9171;476,59785;476,59785;453,30825;453,30825;1783,42275;1783,42275;78,7527;78,7527;2925,86;0
0000.00.0028;APA das Nascentes do Rio Vermelho;Cerrado;Sim;1540,6777;904,0274;2028,5518;1403,0416;878,1933;767,7775;882,2456;1315,9924;999,9437;1202,94665;1202,94665;1195,86385;1195,86385;1384,48435;1384,48435;1268,55285;1268,55285;5743,56565;5743,56565;903,9345;903,9345;14315,5606;0
0000.00.0029;APA Serra da Ibiapaba;Caatinga;Sim;3314,5586;85,4553;22,2855;98,3685;19,1216;49,4909;51,0256;303,034;66,078;24,53255;24,53255;18,0619;18,0619;41,6846;41,6846;182,3877;182,3877;51,62955;51,62955;41,9663;41,9663;503,55;0
0000.00.0030;ARIE Buriti de Vassununga;Mata Atlântica;Não;0;0;0;0;0;0;0;0;0;0;0;0;0;0;0;0;0;0;0;0;0;0;0
0000.00.0031;ARIE Capetinga-Taquara;Cerrado;Sim;0;0;0;0;0;0;0,2939;0;0,1425;0;0;0;0;0;0;0;0;6,10205;6,10205;0;0;34,7849;0
0000.00.0032;ARIE Cerrado Pé-de-Gigante;Mata Atlântica;Sim;0;0;0;0;0;0;0;0;0;0;0;0;0;0;0;0;0;0;0;0;0;21,3956;0
0000.00.0034;MONA das Ilhas Cagarras;Marinho-Costeiro;Não;0;0;0;0;0;0;0;0;0;0;0;0;0;0;0;0;0;0;0;0;0;0;0
0000.00.0035;ARIE Floresta da Cicuta;Mata Atlântica;Não;0;0;0;0;0;0;0;0;0;0;0;0;0;0;0;0;0;0;0;0;0;0;0
0000.00.0036;ARIE Ilha do Ameixal;Marinho-Costeiro;Não;0;0;0;0;0;0;0;0;0;0;0;0;0;0;0;0;0;0;0;0;0;0;0
0000.00.0037;ARIE Ilhas da Queimada Pequena e Queimada Grande;Marinho-Costeiro;Não;0;0;0;0;0;0;0;0;0;0;0;0;0;0;0;0;0;0;0;0;0;0;0
0000.00.0038;ARIE Javari-Buriti;Amazônia;Não;0;0;0;0;0;0;0;0;0;0;0;0;0;0;0;0;0;0;0;0;0;0;0
0000.00.0039;ARIE Manguezais da Foz do Rio Mamanguape;Marinho-Costeiro;Não;0;0;0;0;0;0;0;0;0;0;0;0;0;0;0;0;0;0;0;0;0;0;0
0000.00.0040;ARIE Mata de Santa Genebra;Mata Atlântica;Não;0;0;0;0;0;0;0;0;0;0;0;0;0;0;0;0;0;0;0;0;0;0;0
0000.00.0041;ARIE Matão de Cosmópolis;Cerrado;Sim;0;0;0;0;0;0;0;0;0;0;0;0;0;0;0;0,86555;0,86555;0;0;0,0793;0,0793;12,0977;0
0000.00.0043;ARIE Projeto Dinâmica Biológica de Fragmentos Florestais;Amazônia;Sim;0;0;0;0;0;0;0;0;0;0;0;0;0;0;0;0;0;0;0;0;0;0;669,7
0000.00.0044;ARIE Seringal Nova Esperança;Amazônia;Sim;119,0933;57,7805;70,9068;55,3461;61,0874;78,4457;89,3786;137,03;31,37;235,99;38,58;28,35;30,09;13,75;0,04;0;24,88;30,96;63,34;25,73;4,38;89,04;267,62
0000.00.0045;ARIE Serra da Abelha e Rio da Prata;Mata Atlântica;Não;0;0;0;0;0;0;0;0;0;0;0;0;0;0;0;0;0;0;0;0;0;0;0
0000.00.0047;ESEC da Terra do Meio;Amazônia;Sim;2893,9438;1512,6568;3287,4577;1276,2521;1145,5337;853,3392;307,2432;124,62;57,45;406,84;63,29;501,88;237,28;350,09;2317,15;1390,71;6043,39;15180,79;8005,06;5892,78;2318,16;111,04;3145,51
0000.00.0048;ESEC de Aiuaba;Caatinga;Não;0;0;0;0;0;0;0;0;0;0;0;0;0;0;0;0;0;0;0;0;0;0;0
0000.00.0049;PARNA de Anavilhanas;Amazônia;Sim;0;0;0;0;0;0;0;0;0;0;0;30,97;0;0;0;0;0;4,82;0;4,71;73,77;0,62;845,93
0000.00.0050;ESEC de Aracuri-Esmeralda;Mata Atlântica;Não;0;0;0;0;0;0;0;0;0;0;0;0;0;0;0;0;0;0;0;0;0;0;0
0000.00.0051;ESEC de Caracaraí;Amazônia;Sim;0;0;0;0;6,2904;34,8124;0;32,47;0;0;0;23,67;6,42;0;0;0;0;10,08;63;0;409,27;896,11;185,65
0000.00.0052;ESEC de Carijós;Mata Atlântica;Não;0;0;0;0;0;0;0;0;0;0;0;0;0;0;0;0;0;0;0;0;0;0;0
0000.00.0053;ESEC de Cuniã;Amazônia;Sim;0;0;1,743;0;7,234;8,6284;0;0;16,67;50,29;14,33;0;0;7,25;22,19;158,89;6,03;26,66;4,68;11,89;27,38;7,1;21,49
0000.00.0054;ESEC de Guaraqueçaba;Mata Atlântica;Não;0;0;0;0;0;0;0;0;0;0;0;0;0;0;0;0;0;0;0;0;0;0;0
0000.00.0055;ESEC de Iquê;Cerrado;Sim;0;0;0;0;0;0;0;0;23,84;0;0;9,92;17,92;16,42;80,58;17,16;0;54,59;22,85;0;21,95;0,72;2619,45
0000.00.0056;ESEC de Jutaí-Solimões;Amazônia;Sim;0;8,8837;0;0;0;0;0;0;0;0;0;0;0;6,27;0;0;2,4;6,48;59,31;14,76;9,3;32,04;916,6
0000.00.0057;ESEC de Maracá;Amazônia;Sim;0;0;0;0;0;0;0;0;0;0;0;16,18;0;0;0;0;2,64;3,96;0;0;1578,28;0;895,01
0000.00.0058;ESEC de Maracá Jipioca;Amazônia;Sim;295,5317;0;0;0;0;0;0;0;0;0;0;0;0;0;0;0;0;0;618,44;0;0;0;313,56
0000.00.0059;ESEC de Murici;Mata Atlântica;Não;0;0;0;0;0;0;0;0;0;0;0;0;0;0;0;0;0;0;0;0;0;0;0
0000.00.0060;ESEC Niquiá;Amazônia;Sim;0;0;0;0;0;0;0;0;0;0;0;0;0;0;0;0;0;0;11,52;0;3,47;0;11,16
0000.00.0061;ESEC de Pirapitinga;Cerrado;Não;0;0;0;0;0;0;0;0;0;0;0;0;0;0;0;0;0;0;0;0;0;0;0
0000.00.0062;ESEC de Taiamã;Pantanal;Não;0;0;0;0;0;0;0;0;0;0;0;0;0;0;0;0;0;0;0;0;0;0;0
0000.00.0063;ESEC de Tamoios;Mata Atlântica;Não;0;0;0;0;0;0;0;0;0;0;0;0;0;0;0;0;0;0;0;0;0;0;0
0000.00.0064;ESEC Tupinambás;Marinho-Costeiro;Não;0;0;0;0;0;0;0;0;0;0;0;0;0;0;0;0;0;0;0;0;0;0;0
0000.00.0065;ESEC de Uruçui-Una;Cerrado;Sim;15,7061;1,5054;0,1448;0,1056;1,185;0;2380,9304;5,7112;43,677;548,3265;548,3265;0;0;0;0;0;0;16,8261;16,8261;24,8661;24,8661;1414,8897;0
0000.00.0066;ESEC do Castanhão;Caatinga;Não;0;0;0;0;0;0;0;0;0;0;0;0;0;0;0;0;0;0;0;0;0;0;0
0000.00.0067;ESEC do Jari;Amazônia;Sim;0;0;0;0;0;0;0;0;0;0;0;0;0;0;0;0;21,3;0;0;6,48;0;0;405,54
0000.00.0068;ESEC Rio Acre;Amazônia;Não;0;0;0;0;0;0;0;0;0;0;0;0;0;0;0;0;0;0;0;0;0;0;0
0000.00.0069;ESEC do Seridó;Caatinga;Não;0;0;0;0;0;0;0;0;0;0;0;0;0;0;0;0;0;0;0;0;0;0;0
0000.00.0070;ESEC do Taim;Pampas;Não;0;0;0;0;0;0;0;0;0;0;0;0;0;0;0;0;0;0;0;0;0;0;0
0000.00.0071;ESEC dos Tupiniquins;Marinho-Costeiro;Não;0;0;0;0;0;0;0;0;0;0;0;0;0;0;0;0;0;0;0;0;0;0;0
0000.00.0072;ESEC Juami-Japurá;Amazônia;Sim;0;14,4349;0;0;0;0;0;0;0;0;45,33;0;0;0;0;0;0;0;0;0;0;0;0
0000.00.0073;ESEC Mico-Leão-Preto;Mata Atlântica;Não;0;0;0;0;0;0;0;0;0;0;0;0;0;0;0;0;0;0;0;0;0;0;0
0000.00.0074;ESEC Raso da Catarina;Caatinga;Não;0;0;0;0;0;0;0;0;0;0;0;0;0;0;0;0;0;0;0;0;0;0;0
0000.00.0075;ESEC da Serra das Araras;Cerrado;Sim;0;48,891;0;0;0;0;0;0;0;0;0;0;0;0;1,0077;1,0077;3,09055;3,09055;5,97895;5,97895;0;0;413,2929
0000.00.0076;ESEC Serra Geral do Tocantins;Cerrado;Sim;6,9479;16,9469;0,051;0;0;5,5228;15,3499;115,3163;29,5499;5,16315;5,16315;3,2698;3,2698;144,6243;144,6243;0,94005;0,94005;58,5396;58,5396;237,75735;237,75735;1045,813;0
0000.00.0077;FLONA de Assungui;Mata Atlântica;Não;0;0;0;0;0;0;0;0;0;0;0;0;0;0;0;0;0;0;0;0;0;0;0
0000.00.0078;FLONA de Caçador;Mata Atlântica;Não;0;0;0;0;0;0;0;0;0;0;0;0;0;0;0;0;0;0;0;0;0;0;0
0000.00.0079;FLONA de Capão Bonito;Cerrado;Sim;0;0;0;0;0;0;0,1132;0;4,4332;0;0;0;0;0;0;0,88445;0,88445;0;0;3,5679;3,5679;3574,5341;0
0000.00.0080;FLONA de Chapecó;Mata Atlântica;Não;0;0;0;0;0;0;0;0;0;0;0;0;0;0;0;0;0;0;0;0;0;0;0
0000.00.0081;FLONA de Contendas do Sincorá;Caatinga;Não;0;0;0;0;0;0;0;0;0;0;0;0;0;0;0;0;0;0;0;0;0;0;0
0000.00.0082;FLONA de Açu;Caatinga;Não;0;0;0;0;0;0;0;0;0;0;0;0;0;0;0;0;0;0;0;0;0;0;0
0000.00.0083;FLONA de Altamira;Amazônia;Sim;3556,9884;5851,3377;2091,5752;950,773;114,0078;685,239;37,4419;2612,3;2469,59;5064,28;1292,79;264,84;1498,89;878,52;136,24;120,19;860,01;546,21;280,78;13,32;24,12;13,31;76,89
0000.00.0084;FLONA de Anauá;Amazônia;Sim;0;0;9,3082;0;0;0;0;0;0;0;0;0;0;0;0;0;0;0;24,19;0;0,72;0;0
0000.00.0085;FLONA de Balata-Tufari;Amazônia;Sim;134,054;50,4872;25,0439;19,2477;14,8362;32,5899;6,9695;48,01;14,99;17,4;46,82;41,84;109,11;32,5;45,88;70,81;99,26;49,89;2321,3;65,14;40,02;132,41;1706,97
0000.00.0086;FLONA de Brasília;Cerrado;Sim;0;0;0;4,7129;0;0;0;1,1679;0;0;0;0;0;0;0;0;0;78,9413;78,9413;0,59425;0,59425;7585,1218;0
0000.00.0087;FLONA de Canela;Mata Atlântica;Não;0;0;0;0;0;0;0;0;0;0;0;0;0;0;0;0;0;0;0;0;0;0;0
0000.00.0088;FLONA de Carajás;Amazônia;Sim;48,2348;118,0072;145,2748;62,5733;37,6183;73,5761;137,5929;108,52;19,88;142,54;31,86;58,48;189,83;259,09;85,49;55,88;266,63;68,43;99,22;8,58;56,55;897,92;4024,3
0000.00.0089;FLONA de Caxiuana;Amazônia;Sim;554,7657;107,5979;130,3068;77,5062;36,6487;17,8339;0;25,76;8,18;26,55;40,74;18,3;0;24,18;6,38;0;3,42;9,73;132,12;70,15;700,13;0;421
0000.00.0090;FLONA de Cristópolis;Cerrado;Sim;0;0;42,7095;243,8761;5,1053;25,519;11,5996;3,5939;3,8418;118,7428;118,7428;75,6497;75,6497;335,7435;335,7435;231,05875;231,05875;719,2254;719,2254;68,4123;68,4123;4729,7612;0
0000.00.0091;FLONA de Goytacazes;Mata Atlântica;Não;0;0;0;0;0;0;0;0;0;0;0;0;0;0;0;0;0;0;0;0;0;0;0
0000.00.0092;FLONA de Humaitá;Amazônia;Sim;0,0031;0;31,7292;0;0;0;0;0;0;0;12,46;7,19;0;0,4;0;0;8,67;6,49;15,52;0,72;22,94;24,44;542,35
0000.00.0093;FLONA de Ibirama;Mata Atlântica;Não;0;0;0;0;0;0;0;0;0;0;0;0;0;0;0;0;0;0;0;0;0;0;0
0000.00.0094;FLONA de Ipanema;Mata Atlântica;Não;0;0;0;0;0;0;0;0;0;0;0;0;0;0;0;0;0;0;0;0;0;0;0
0000.00.0095;FLONA de Itaituba I;Amazônia;Sim;144,5832;114,8293;134,8154;8,9666;40,1141;46,5871;34,0672;0;36,29;0,55;0;0;0;0;10,74;0;0;15,85;36,19;32,33;11,89;78,33;424,22
0000.00.0096;FLONA de Itaituba II;Amazônia;Sim;1624,9786;1325,6283;1177,4761;1512,7856;991,8752;394,4035;284,0501;281,35;416,06;818,41;444,35;167,01;165,33;497,73;490,22;497,44;547,45;935,56;412,32;192,89;90,07;235,63;1105,43
0000.00.0097;FLONA de Jacundá;Amazônia;Sim;197,7008;111,1018;96,3508;0,9437;0;16,7198;0;5,89;0;0;17,22;0;0;140,54;246,64;165,25;1371,63;563,76;567,06;200,72;23,77;3,72;174,39
0000.00.0098;FLONA de Lorena;Mata Atlântica;Não;0;0;0;0;0;0;0;0;0;0;0;0;0;0;0;0;0;0;0;0;0;0;0
0000.00.0099;FLONA de Mulata;Amazônia;Sim;7,6423;13,6311;29,6322;0;0,4191;2,3861;0;9,42;0,72;7,77;22;12,28;0;71,89;0;9,04;36,27;0;13,39;5,61;0;84,08;0
0000.00.0100;FLONA de Nísia Floresta;Mata Atlântica;Não;0;0;0;0;0;0;0;0;0;0;0;0;0;0;0;0;0;0;0;0;0;0;0
0000.00.0101;FLONA de Pacotuba;Mata Atlântica;Não;0;0;0;0;0;0;0;0;0;0;0;0;0;0;0;0;0;0;0;0;0;0;0
0000.00.0102;FLONA de Palmares;Caatinga;Não;0;0;0;0;0;0;0;0;0;0;0;0;0;0;0;0;0;0;0;0;0;0;0
0000.00.0103;FLONA de Paraopeba;Cerrado;Sim;0;0;0;0;0;0;0;0,1294;0;0;0;0;0;0;0;0;0;2,26395;2,26395;0;0;30,8068;0
0000.00.0104;FLONA de Pau-Rosa;Amazônia;Sim;7,0743;0;6,3453;0;12,8463;0;0;6,43;1,35;0;27,22;53,26;17,05;58,36;19,14;18,4;32,59;38,5;71,03;150,79;20,2;528,47;2849,71
0000.00.0105;FLONA de Ritápolis;Mata Atlântica;Não;0;0;0;0;0;0;0;0;0;0;0;0;0;0;0;0;0;0;0;0;0;0;0
0000.00.0106;FLONA de Roraima;Amazônia;Sim;49,3031;232,2221;0;0;0;143,7178;10,0157;50,75;193,27;26,38;168,57;216,69;46,53;268,4;0;0;53,56;15,1;178,17;0;639,99;45,04;54,08
0000.00.0107;FLONA de Santa Rosa do Purus;Amazônia;Sim;45,5821;60,8715;69,7017;22,3833;36,9852;9,4427;0;59,88;0,32;85,21;92,16;159,65;20,07;79,45;69,81;111,59;80,19;61,94;105,5;88,2;92,11;608,3;1752,47
0000.00.0108;FLONA de São Francisco;Amazônia;Sim;0;0;0;0;0;0;0;0;0;0;0;0;0;0;0;0;20,95;0;33,97;0;8,29;0;53,93
0000.00.0109;FLONA de Saracá-Taquera;Amazônia;Sim;410,3304;527,9627;447,7761;330,9026;314,4281;378,089;498,4737;473,63;326,56;246,31;405,95;595,31;436,03;347,64;337,11;425,21;581,69;428,8;555,18;874,96;1386,8;1113,59;8180,84
0000.00.0110;FLONA de Silvânia;Cerrado;Sim;0;0;0;0;0;0;0;0;0;0;0;0;0;0;0;0;0;0;0;0;0;6,981;0
0000.00.0111;FLONA de Sobral;Caatinga;Não;0;0;0;0;0;0;0;0;0;0;0;0;0;0;0;0;0;0;0;0;0;0;0
0000.00.0112;FLONA de Tefé;Amazônia;Sim;646,2426;383,0479;183,1551;297,4156;264,7022;292,2488;56,2217;569,95;55,46;3,42;130,76;641,41;297,91;588,11;215,43;193,33;406,83;102,22;358,78;940,69;262,09;819,99;5463,7
0000.00.0113;FLONA do Amapá;Amazônia;Sim;0;0;0;0;0;0;0;0;0;0;0;18,49;0;7,31;0;14,41;0;26,77;0;0;148,4;0;614,49
0000.00.0114;FLONA do Amazonas;Amazônia;Sim;9,1397;30,3447;648,0319;15,5208;7,214;29,9315;31,2855;12,62;0;33,14;7,95;13,27;0;58,67;0;39,42;4,1;94,99;14,6;54,39;743,79;96,19;1285,84
0000.00.0115;FLONA do Araripe-Apodi;Caatinga;Não;0;0;0;0;0;0;0;0;0;0;0;0;0;0;0;0;0;0;0;0;0;0;0
0000.00.0116;FLONA do Bom Futuro;Amazônia;Sim;1124,1224;1127,6286;881,8503;170,0415;594,5982;117,6137;95,8841;141,33;435,38;108,87;219,84;157,8;252,67;714,73;2900,85;1645,18;1515,01;2325,86;784,1;910,16;88,35;713,93;314,85
0000.00.0117;FLONA do Itacaiunas;Amazônia;Sim;18,9756;113,9035;52,8195;35,7059;50,2921;53,7006;17,7663;6,95;30,41;14,87;6,26;21,34;193,39;656,44;764,29;942,18;992,31;1212,27;2854,33;3142,08;1567,72;3392,64;4005,59
0000.00.0118;FLONA do Jamari;Amazônia;Sim;56,8626;69,8287;59,9437;49,361;15,2491;0;0;0,02;0;0;0;10,96;17,72;111,28;0,39;115,52;136,91;161,01;45,14;108,82;116,77;306,63;6264,51
0000.00.0119;FLONA do Jatuarana;Amazônia;Sim;5,6719;6,9866;3,9037;0;0;0;0;0;0;0;0;0;1,57;0;9,43;168,77;837,07;142,88;11,15;0;15,47;0;82,68
0000.00.0120;FLONA do Macauã;Amazônia;Sim;0;0;0;0;12,7621;0;18,0241;0;0;0;11,91;0;0;0;0;0;16,35;1,08;75,61;0;0;23,99;93,04
0000.00.0121;FLONA do Purus;Amazônia;Sim;24,5084;69,0519;34,8779;66,0014;42,9256;7,7301;24,1473;58,67;21,18;6,76;18,87;6,87;49,96;6,53;0;0;44,21;84,18;405,94;122,95;84;136,15;1251,57
0000.00.0122;FLONA do Rio Preto;Mata Atlântica;Não;0;0;0;0;0;0;0;0;0;0;0;0;0;0;0;0;0;0;0;0;0;0;0
0000.00.0123;FLONA do Tapajós;Amazônia;Sim;26,8369;5,6694;12,8804;13,0049;10,4283;12,7953;18,491;18,3;15,43;6,77;38,25;109,19;115,28;102,22;248,24;76,63;64,38;183,11;53,7;271,53;356,73;2879,41;21596,36
0000.00.0124;FLONA do Tapirapé-Aquiri;Amazônia;Sim;51,7294;176,227;324,2458;158,1984;176,753;132,3641;190,0949;126,83;100,34;6,32;51,84;91,02;784,84;308,27;0,25;22,8;4,48;9,85;35,28;13,7;0,42;153,37;446,98
0000.00.0125;FLONA de Irati;Mata Atlântica;Não;0;0;0;0;0;0;0;0;0;0;0;0;0;0;0;0;0;0;0;0;0;0;0
0000.00.0126;FLONA Mapiá-Inauini;Amazônia;Sim;8,967;37,6104;21,6695;16,4159;6,7635;0;0;0;0;0;0;0;0;0;6,47;0;1,47;26,82;63,2;17,34;6,84;58,56;346,38
0000.00.0127;FLONA Mário Xavier;Mata Atlântica;Não;0;0;0;0;0;0;0;0;0;0;0;0;0;0;0;0;0;0;0;0;0;0;0
0000.00.0128;FLONA da Mata Grande;Cerrado;Sim;0;0;2,4268;0;0;0;0;0;0;0;0;0;0;2,6318;2,6318;6,13125;6,13125;0,97535;0,97535;2,8244;2,8244;17,2795;0
0000.00.0129;FLONA de Passa Quatro;Mata Atlântica;Não;0;0;0;0;0;0;0;0;0;0;0;0;0;0;0;0;0;0;0;0;0;0;0
0000.00.0130;FLONA de Passo Fundo;Mata Atlântica;Não;0;0;0;0;0;0;0;0;0;0;0;0;0;0;0;0;0;0;0;0;0;0;0
0000.00.0131;FLONA de Piraí do Sul;Mata Atlântica;Não;0;0;0;0;0;0;0;0;0;0;0;0;0;0;0;0;0;0;0;0;0;0;0
0000.00.0132;FLONA da Restinga de Cabedelo;Mata Atlântica;Não;0;0;0;0;0;0;0;0;0;0;0;0;0;0;0;0;0;0;0;0;0;0;0
0000.00.0133;FLONA de São Francisco de Paula;Mata Atlântica;Não;0;0;0;0;0;0;0;0;0;0;0;0;0;0;0;0;0;0;0;0;0;0;0
0000.00.0134;FLONA de Três Barras;Mata Atlântica;Não;0;0;0;0;0;0;0;0;0;0;0;0;0;0;0;0;0;0;0;0;0;0;0
0000.00.0135;PARNA Cavernas do Peruaçu;Cerrado;Não;0;0;0;12,5858;0;0;0;0;0;0;0;0;0;0;0;0;0;0;0;0;0;0;0
0000.00.0136;PARNA da Amazônia;Amazônia;Sim;97,3362;71,3364;23,553;27,4516;48,0916;111,1088;19,9306;132,67;112,73;54,48;106,82;91,76;196,56;215,48;265,7;130,97;147,6;642,4;586,96;414,16;223,41;596,25;0,58
0000.00.0137;PARNA da Chapada Diamantina;Caatinga;Não;0;0;0;0;0;0;0;0;0;0;0;0;0;0;0;0;0;0;0;0;0;0;0
0000.00.0138;PARNA da Chapada dos Guimarães;Cerrado;Sim;9,4768;0;6,3904;0;0;0;2,7869;0;11,2931;3,205;3,205;5,13325;5,13325;1774,89215;1774,89215;6,7465;6,7465;20,7339;20,7339;32,81495;32,81495;1525,7554;3522,83
0000.00.0139;PARNA da Chapada dos Veadeiros;Cerrado;Sim;46,7044;25,7758;64,9318;5,3664;62,8835;5,0015;23,21;38,2736;24,4757;55,61095;55,61095;312,44205;312,44205;59,5253;59,5253;269,73065;269,73065;304,259;304,259;208,9249;208,9249;381,3125;0
0000.00.0140;PARNA da Lagoa do Peixe;Pampas;Não;0;0;0;0;0;0;0;0;0;0;0;0;0;0;0;0;0;0;0;0;0;0;0
0000.00.0141;PARNA da Restinga de Jurubatiba;Mata Atlântica;Não;0;0;0;0;0;0;0;0;0;0;0;0;0;0;0;0;0;0;0;0;0;0;0
0000.00.0142;PARNA da Serra da Bocaina;Mata Atlântica;Não;0;0;0;0;0;0;0;0;0;0;0;0;0;0;0;0;0;0;0;0;0;0;0
0000.00.0143;PARNA da Serra da Bodoquena;Cerrado;Sim;0;0;52,9441;0;2,8206;0;48,7425;27,4092;62,658;8,92235;8,92235;9,6842;9,6842;3,25205;3,25205;21,5835;21,5835;97,1705;97,1705;337,21355;337,21355;2837,586;0
0000.00.0144;PARNA da Serra da Canastra;Cerrado;Sim;60,0287;179,6078;50,0359;35,6261;55,4937;21,6082;76,4282;171,4062;333,019;462,77695;462,77695;114,7665;114,7665;434,6065;434,6065;329,49555;329,49555;520,7167;520,7167;542,8887;542,8887;20563,2598;0
0000.00.0145;PARNA da Serra da Capivara;Caatinga;Não;0;0;0;0;0;0;0;0;0;0;0;0;0;0;0;0;0;0;0;0;0;0;0
0000.00.0146;PARNA da Serra das Confusões;Caatinga;Sim;17,5205;18,943;5,7885;25,9929;8,4653;0;25,9681;9,1385;91,4907;89,23495;89,23495;32,9454;32,9454;8,0711;8,0711;132,48925;132,48925;53,0074;53,0074;419,38915;419,38915;1168,7657;0
0000.00.0147;PARNA Serra de Itabaiana;Mata Atlântica;Não;0;0;0;0;0;0;0;0;0;0;0;0;0;0;0;0;0;0;0;0;0;0;0
0000.00.0148;PARNA da Serra do Cipó;Cerrado;Sim;0;0;0;0;0;0;0;0;0;0;0;0;0;0;0;0;0;13,08335;13,08335;0;0;0;0
0000.00.0149;PARNA da Serra do Divisor;Amazônia;Sim;134,8017;407,2813;161,3215;61,2417;35,8607;100,1389;14,5423;134,39;71,38;45,91;582,26;502,28;68,13;290,23;84,09;39,88;420,9;512,78;685,97;761,22;667,09;1882,76;9920,1
0000.00.0150;PARNA da Serra do Itajaí;Mata Atlântica;Não;0;0;0;0;0;0;0;0;0;0;0;0;0;0;0;0;0;0;0;0;0;0;0
0000.00.0151;PARNA da Serra do Pardo;Amazônia;Sim;92,0442;72,4065;61,3852;59,5315;17,5227;1,5122;0;0;0;18,55;23,45;147,54;73,38;147,29;756,58;690,04;1515,65;9292,36;3848,57;5189,05;3567,31;77,32;159,91
0000.00.0152;PARNA da Serra dos Órgãos;Mata Atlântica;Não;0;0;0;0;0;0;0;0;0;0;0;0;0;0;0;0;0;0;0;0;0;0;0
0000.00.0153;PARNA da Serra Geral;Mata Atlântica;Não;0;0;0;0;0;0;0;0;0;0;0;0;0;0;0;0;0;0;0;0;0;0;0
0000.00.0154;PARNA da Tijuca;Mata Atlântica;Não;0;0;0;0;0;0;0;0;0;0;0;0;0;0;0;0;0;0;0;0;0;0;0
0000.00.0155;PARNA das Emas;Cerrado;Sim;0;0;4,067;0;0;0;0;0;0;0;0;0;0;0;0;2,514;2,514;0;0;0;0;215,5632;0
0000.00.0156;PARNA das Nascentes do Rio Parnaíba;Cerrado;Sim;41,6338;147,9934;36,5588;374,4772;12,5007;15,8399;206,0199;578,3905;1081,6359;742,02075;742,02075;60,54495;60,54495;100,37735;100,37735;119,79055;119,79055;18,60065;18,60065;37,75955;37,75955;1991,3624;0
0000.00.0157;PARNA das Sempre-Vivas;Cerrado;Sim;0;3,2483;0;3,0806;0;14,473;53,9162;16,8846;91,9486;0;0;0,2248;0,2248;21,38455;21,38455;9,22025;9,22025;67,67765;67,67765;136,14375;136,14375;927,1275;0
0000.00.0158;PARNA de Aparados da Serra;Mata Atlântica;Não;0;0;0;0;0;0;0;0;0;0;0;0;0;0;0;0;0;0;0;0;0;0;0
0000.00.0159;PARNA de Brasília;Cerrado;Sim;0;0;0;6,5749;0,6859;0;0,8536;16,5906;165,2012;0,1387;0,1387;7,19665;7,19665;14,36685;14,36685;11,0526;11,0526;344,12355;344,12355;12,96135;12,96135;1147,8745;0
0000.00.0160;PARNA de Caparaó;Mata Atlântica;Não;0;0;0;0;0;0;0;0;0;0;0;0;0;0;0;0;0;0;0;0;0;0;0
0000.00.0161;PARNA de Ilha Grande;Mata Atlântica;Não;0;0;0;0;0;0;0;0;0;0;0;0;0;0;0;0;0;0;0;0;0;0;0
0000.00.0162;PARNA de Jericoacoara;Caatinga;Não;0;0;0;0;0;0;0;0;0;0;0;0;0;0;0;0;0;0;0;0;0;0;0
0000.00.0163;PARNA de Pacaás Novos;Amazônia;Sim;0;50,7242;389,861;27,4923;290,7892;16,652;0;0;0;0;0;0;7,08;15,4;26,35;0;10,96;70,11;76,62;62,73;124,68;232,36;210,45
0000.00.0164;PARNA de Saint-Hilaire/Lange;Mata Atlântica;Não;0;0;0;0;0;0;0;0;0;0;0;0;0;0;0;0;0;0;0;0;0;0;0
0000.00.0165;PARNA de São Joaquim;Mata Atlântica;Não;0;0;0;0;0;0;0;0;0;0;0;0;0;0;0;0;0;0;0;0;0;0;0
0000.00.0166;PARNA de Sete Cidades;Caatinga;Não;0;0;0;0;0;0;0;0;0;0;0;0;0;0;0;0;0;0;0;0;0;0;0
0000.00.0167;PARNA de Ubajara;Caatinga;Não;0;0;0;0;0;0;0;0;0;0;0;0;0;0;0;0;0;0;0;0;0;0;0
0000.00.0168;PARNA do Araguaia;Cerrado;Sim;188,0509;79,9888;0;0;0;0;0;117,18;589,73;576,26;53,37;13,65;18,39;78,34;0;0;496,07;0,72;0;40,33;2,41;63,04;1139,88
0000.00.0169;PARNA do Cabo Orange;Amazônia;Sim;0;0;0;0;0;0;0;47,07;10,67;0;0;23,49;42,91;46,5;7,39;0;414,96;9,37;0;0;213,87;0;0
0000.00.0170;PARNA do Catimbau;Caatinga;Não;0;0;0;0;0;0;0;0;0;0;0;0;0;0;0;0;0;0;0;0;0;0;0
0000.00.0171;PARNA Descobrimento;Mata Atlântica;Não;0;0;0;0;0;0;0;0;0;0;0;0;0;0;0;0;0;0;0;0;0;0;0
0000.00.0172;PARNA do Iguaçu;Mata Atlântica;Não;0;0;0;0;0;0;0;0;0;0;0;0;0;0;0;0;0;0;0;0;0;0;0
0000.00.0173;PARNA do Jaú;Amazônia;Sim;0;29,1181;33,073;17,4754;12,5201;16,3036;0;27,9;37,01;21,85;11,52;83,45;17,88;33,45;51,54;6,94;6,1;82,12;136,3;30,6;42,47;2129,5;1136,44
0000.00.0174;PARNA do Monte Roraima;Amazônia;Sim;12,999;4,4636;35,0026;0;0;0;0;6,64;0;0;0;10,18;0;0;11,01;75,89;5,22;94,53;0;0;0;0;0
0000.00.0175;PARNA do Pantanal Mato-Grossense;Pantanal;Não;0;0;0;0;0;0;0;0;0;0;0;0;0;0;0;0;0;0;0;0;0;0;0
0000.00.0176;PARNA do Pau Brasil;Mata Atlântica;Não;0;0;0;0;0;0;0;0;0;0;0;0;0;0;0;0;0;0;0;0;0;0;0
0000.00.0177;PARNA do Pico da Neblina;Amazônia;Sim;53,6247;7,0594;84,7847;8,8084;28,0219;16,1391;9,7135;6,59;20,59;25,18;37,9;396,47;0;101,27;30,8;15,79;39,21;11,5;231,25;96,27;668,52;418,88;4504,47
0000.00.0178;PARNA do Superagui;Mata Atlântica;Não;0;0;0;0;0;0;0;0;0;0;0;0;0;0;0;0;0;0;0;0;0;0;0
0000.00.0179;PARNA do Viruá;Amazônia;Sim;0;0;0;0;0;0;0;0;0;0;0;0;0;0;0;0;0;0;2,16;0;8,28;0,72;0
0000.00.0180;PARNA dos Lençóis Maranhenses;Cerrado;Sim;16,171;20,9576;67,2688;48,3817;1,5326;23,0928;25,7181;160,7796;15,4945;24,8002;24,8002;79,5679;79,5679;117,92675;117,92675;324,1946;324,1946;158,99995;158,99995;11,2922;11,2922;461,8404;0
0000.00.0181;MONA dos Pontões Capixabas;Mata Atlântica;Não;0;0;0;0;0;0;0;0;0;0;0;0;0;0;0;0;0;0;0;0;0;0;0
0000.00.0182;PARNA do Monte Pascoal;Mata Atlântica;Não;0;0;0;0;0;0;0;0;0;0;0;0;0;0;0;0;0;0;0;0;0;0;0
0000.00.0183;PARNA Grande Sertão Veredas;Cerrado;Sim;5,0667;0;19,9392;0,5424;0,3463;12,8645;6,0895;44,0985;7,2944;6,5834;6,5834;37,6889;37,6889;44,16925;44,16925;39,46265;39,46265;541,08595;541,08595;189,36205;189,36205;382,5662;0
0000.00.0184;PARNA de Itatiaia;Mata Atlântica;Não;0;0;0;0;0;0;0;0;0;0;0;0;0;0;0;0;0;0;0;0;0;0;0
0000.00.0185;PARNA Marinho dos Abrolhos;Marinho-Costeiro;Não;0;0;0;0;0;0;0;0;0;0;0;0;0;0;0;0;0;0;0;0;0;0;0
0000.00.0186;PARNA Marinho de Fernando de Noronha;Marinho-Costeiro;Não;0;0;0;0;0;0;0;0;0;0;0;0;0;0;0;0;0;0;0;0;0;0;0
0000.00.0187;PARNA Montanhas do Tumucumaque;Amazônia;Sim;43,2801;20,4495;28,0994;0;9,2431;0;6,6611;0;0;0;0;23,52;0;0;7,41;28,83;37,27;35,28;6,39;17,96;0;0;57,17
0000.00.0188;PARNA da Serra da Cutia;Amazônia;Sim;0;0;0;0;0;0;0;0;95,15;0;0;0;0;7,41;0;0;0;0;0;0;7,15;0;178,13
0000.00.0189;PARNA Serra da Mocidade;Amazônia;Sim;0;0;0;0;0;0;0;0;0;0;0;0;0;0;0;0;0;0;7,92;0;1,44;0;0
0000.00.0190;REVIS Ilha dos Lobos;Marinho-Costeiro;Não;0;0;0;0;0;0;0;0;0;0;0;0;0;0;0;0;0;0;0;0;0;0;0
0000.00.0191;REBIO Augusto Ruschi;Mata Atlântica;Não;0;0;0;0;0;0;0;0;0;0;0;0;0;0;0;0;0;0;0;0;0;0;0
0000.00.0192;REBIO da Contagem;Cerrado;Sim;0;0;0;56,3748;7,7422;0;0;30,9941;2,3247;0;0;0;0;0;0;0,7503;0,7503;0;0;1,6384;1,6384;434,9654;0
0000.00.0193;REBIO da Mata Escura;Mata Atlântica;Não;0;0;0;0;0;0;0;0;0;0;0;0;0;0;0;0;0;0;0;0;0;0;0
0000.00.0194;REBIO do Abufari;Amazônia;Sim;0;6,3898;0;0;0;10,1999;0;13,38;18,76;0;8,76;69,52;0;13,92;21,98;0;7,06;0;0;6,46;0,49;18,36;187,04
0000.00.0195;REBIO de Comboios;Marinho-Costeiro;Não;0;0;0;0;0;0;0;0;0;0;0;0;0;0;0;0;0;0;0;0;0;0;0
0000.00.0196;REBIO Guaribas;Mata Atlântica;Não;0;0;0;0;0;0;0;0;0;0;0;0;0;0;0;0;0;0;0;0;0;0;0
0000.00.0197;REBIO de Pedra Talhada;Mata Atlântica;Não;0;0;0;0;0;0;0;0;0;0;0;0;0;0;0;0;0;0;0;0;0;0;0
0000.00.0198;REBIO de Saltinho;Mata Atlântica;Não;0;0;0;0;0;0;0;0;0;0;0;0;0;0;0;0;0;0;0;0;0;0;0
0000.00.0199;REBIO de Santa Isabel;Marinho-Costeiro;Não;0;0;0;0;0;0;0;0;0;0;0;0;0;0;0;0;0;0;0;0;0;0;0
0000.00.0200;REBIO de Serra Negra;Caatinga;Não;0;0;0;0;0;0;0;0;0;0;0;0;0;0;0;0;0;0;0;0;0;0;0
0000.00.0201;REBIO de Sooretama;Mata Atlântica;Não;0;0;0;0;0;0;0;0;0;0;0;0;0;0;0;0;0;0;0;0;0;0;0
0000.00.0202;REBIO de Una;Mata Atlântica;Não;0;0;0;0;0;0;0;0;0;0;0;0;0;0;0;0;0;0;0;0;0;0;0
0000.00.0203;REBIO do Atol das Rocas;Marinho-Costeiro;Não;0;0;0;0;0;0;0;0;0;0;0;0;0;0;0;0;0;0;0;0;0;0;0
0000.00.0204;REBIO do Córrego do Veado;Mata Atlântica;Não;0;0;0;0;0;0;0;0;0;0;0;0;0;0;0;0;0;0;0;0;0;0;0
0000.00.0205;REBIO do Córrego Grande;Mata Atlântica;Não;0;0;0;0;0;0;0;0;0;0;0;0;0;0;0;0;0;0;0;0;0;0;0
0000.00.0206;REBIO do Guaporé;Amazônia;Sim;16,9122;0;0,5643;2,8754;0;0;0;0;10,9;0;0;0;92,39;197,06;0;0;0,26;0;6,48;0;137,48;118,49;1195,12
0000.00.0207;REBIO do Gurupi;Amazônia;Sim;495,0126;338,7574;315,7546;376,0992;646,5953;459,6828;577,7028;49,96;669,91;839,74;696,58;1170,53;2771,43;3649,15;1054,77;1274,9;5092,73;7455,06;5,9;2310,13;5386,91;7837,48;14632,42
0000.00.0208;REBIO do Jaru;Amazônia;Sim;112,178;0;0;0;0;0;13,2158;0;0;11,74;28,06;17,5;81,67;167,9;13,33;627,96;1363,97;4,86;2288,1;0,27;666,57;842,06;69,82
0000.00.0209;REBIO do Lago Piratuba;Amazônia;Sim;0;0;0;0;0;0;0;0;0;0;0;0;0;0;16,85;0;0;0;671,52;0;0;0;0
0000.00.0210;REBIO do Rio Trombetas;Amazônia;Sim;0;7,8731;0;0;0;13,1053;0;0;0;0;20,63;93,89;0;8,49;17,64;0;18,95;29,8;41,4;37,88;41,1;42,55;1515,01
0000.00.0211;REBIO do Tapirapé;Amazônia;Sim;0;0;0;0;0;0;0;0;4,45;0;0;0;0;0;0;1,32;0;0;38,22;0;6,76;42,15;587,78
0000.00.0212;REBIO do Tinguá;Mata Atlântica;Não;0;0;0;0;0;0;0;0;0;0;0;0;0;0;0;0;0;0;0;0;0;0;0
0000.00.0213;REBIO do Uatumã;Amazônia;Sim;0;0;12,3877;0;0;0;0;0;0;0;0;25,99;0;6,48;22,19;0;0;0;0,72;0;0;0;160,81
0000.00.0214;REBIO Marinha do Arvoredo;Marinho-Costeiro;Não;0;0;0;0;0;0;0;0;0;0;0;0;0;0;0;0;0;0;0;0;0;0;0
0000.00.0215;REBIO de Poço das Antas;Mata Atlântica;Não;0;0;0;0;0;0;0;0;0;0;0;0;0;0;0;0;0;0;0;0;0;0;0
0000.00.0216;REBIO Nascentes da Serra do Cachimbo;Amazônia;Sim;1065,4441;2588,4451;1424,8089;395,2622;438,4058;1009,2041;1976,1379;422,11;31,12;32,28;295,14;573,6;341,56;1446,26;636,7;1863,55;3444,43;1482,97;2563,32;5184,42;1967,64;3714,19;1057,35
0000.00.0217;REBIO União;Mata Atlântica;Não;0;0;0;0;0;0;0;0;0;0;0;0;0;0;0;0;0;0;0;0;0;0;0
0000.00.0218;RDS de Itatupã-Baquiá;Amazônia;Sim;0;0;0;0;0;0;0;0;0;0;0;0;0;0;0;0;0;16,78;0;0;10,06;0;0
0000.00.0219;REVIS das Veredas do Oeste Baiano;Cerrado;Sim;0,0101;0;0;0;17,5989;124,4175;3,4385;0,8497;0;35,93845;35,93845;1,2409;1,2409;568,54875;568,54875;153,0756;153,0756;488,8926;488,8926;31,67535;31,67535;1778,5433;0
0000.00.0220;RESEX Auatí-Paraná;Amazônia;Sim;0;0;7,6427;8,4301;0;0;7,7378;0;6,39;0;13,15;69,89;7,29;40,54;0;0;0;0;35,38;34,57;46,76;862,47;531,99
0000.00.0221;RESEX Barreiro das Antas;Amazônia;Sim;0;0;0;0;0;0;0;0;0;0;0;0;0;7,33;0;0;0;0;2,73;0;0;0;47,75
0000.00.0222;RESEX Chico Mendes;Amazônia;Sim;8802,951;5943,2004;7608,6028;2461,5229;1998,7827;2947,1983;1537,9223;2170,57;1047,24;1226,33;1187,01;630,23;363,3;1128,29;193,6;519,96;3934,8;4075,53;3724,68;895,9;2673,7;5531,34;17764,84
0000.00.0223;RESEX Chocoaré-Mato Grosso;Amazônia;Sim;0;0;0;0;0;0;0;0;0;0;0;0;0;0;0;0;0;16,28;1,52;5,06;0;1,62;57,88
0000.00.0225;RESEX Marinha do Delta do Parnaíba;Cerrado;Sim;0;0;0;0;0;0;0;0;0;0;0;0;0;5,07735;5,07735;12,56215;12,56215;0;0;12,36635;12,36635;55,2597;0
0000.00.0226;RESEX da Mata Grande;Cerrado;Sim;8,9412;2,8679;17,9171;6,4828;10,4989;8,4935;41,8922;30,61;6,78;88;78,21;79,87;178,06;193,72;121,36;110,81;308,98;240,45;0;0;0;0;8345,69
0000.00.0227;RESEX Maracanã;Amazônia;Sim;0,8388;0;6,5558;6,8582;0;0,0543;5,0221;0;13,1;5,42;0,63;11,4;0;7,26;10,83;0,92;16,81;19,84;14,73;135,44;0;5,17;236,42
0000.00.0228;RESEX de São João da Ponta;Amazônia;Sim;0;0;0;0;0;0,4525;0;1,38;0;0;0;0;0;3,92;0;4,62;3,95;0,49;34,23;7,28;0,38;0,76;82,48
0000.00.0230;RESEX do Baixo Juruá;Amazônia;Sim;100,0383;49,6558;3,2814;39,5137;16,7409;11,2614;8,8093;81,62;9,46;0;14,31;40,89;33,43;41,23;12,5;14,33;36,03;3,23;22,64;337,28;135,64;588,01;1377,1
0000.00.0231;RESEX do Batoque;Caatinga;Não;0;0;0;0;0;0;0;0;0;0;0;0;0;0;0;0;0;0;0;0;0;0;0
0000.00.0232;RESEX do Cazumbá-Iracema;Amazônia;Sim;468,8647;587,2492;273,3875;407,1996;175,0142;244,2501;51,8694;170,21;177,07;187,23;275,72;230,1;72,68;96,04;27,13;3,16;636,96;81,4;1744,21;380,83;209,07;1134,83;2588,15
0000.00.0233;RESEX do Lago do Cuniã;Amazônia;Sim;7,0978;0;0;0;0;0;0;0;0;0;0;0;0;0;0;0;58,47;35,23;7,93;0;19,09;0;86,82
0000.00.0234;RESEX do Mandira;Mata Atlântica;Não;0;0;0;0;0;0;0;0;0;0;0;0;0;0;0;0;0;0;0;0;0;0;0
0000.00.0235;RESEX do Médio Juruá;Amazônia;Sim;13,4651;60,0564;26,9602;22,1228;16,716;35,1427;7,4092;22,46;14,31;0;7,6;39,92;21,28;28,07;45,7;0;78,85;19,44;36,23;131,88;149,01;768,81;1059,94
0000.00.0238;RESEX do Rio do Cautário;Amazônia;Sim;0;0;0;0;0;0;0;0;443,39;0;2,73;0,07;0;0;0;50,18;13,32;5,76;0;0,06;23,29;106,96;332,7
0000.00.0239;RESEX do Rio Jutaí;Amazônia;Sim;0;66,9758;6,7715;0;33,4086;0;6,5655;23,62;21,28;20,27;65,84;41,1;62,89;106,31;41,93;51,03;6,09;15,48;180,04;179,47;16,2;350,3;699,2
0000.00.0240;RESEX do Extremo Norte do Tocantins;Cerrado;Sim;0;0,6413;0;2,8804;0;0;0;0;0;0;0;0;0;0,29;0;6,3;0;0;0;56,09;26,59;49,4;8252,12
0000.00.0241;RESEX Ipaú-Anilzinho;Amazônia;Sim;35,9251;57,8251;27,7619;23,3381;44,887;72,9495;34,9743;8,6;58,39;74,87;66,57;303,73;200,99;166,15;170,38;218,75;81,02;325,9;543,49;373,78;1085,1;7347,83;7169,64
0000.00.0242;RESEX do Lago do Capanã Grande;Amazônia;Sim;78,5385;0;0;0;0;6,3805;0;0;0;41,6;0;261,46;7,08;6,6;0;20,58;45,18;2,88;26,28;0;42,48;455,44;2977,12
0000.00.0243;RESEX Mãe Grande de Curuça;Amazônia;Sim;1,99;7,9185;8,0334;0,6848;0;0;0;0;6,47;0;0;3,39;4,21;3,58;0,63;31,21;0;213,59;35,4;127,92;11,74;39,81;206,38
0000.00.0244;RESEX Mapuá;Amazônia;Sim;13,1424;6,9514;16,9539;0;0;20,7684;0,6065;0;32,88;0;0;98,9;70,1;0,11;0;0;3,01;83,54;18,73;1060,71;1534,1;0;0
0000.00.0245;RESEX Marinha da Baia de Iguape;Marinho-Costeiro;Não;0;0;0;0;0;0;0;0;0;0;0;0;0;0;0;0;0;0;0;0;0;0;0
0000.00.0246;RESEX Marinha da Lagoa do Jequiá;Mata Atlântica;Não;0;0;0;0;0;0;0;0;0;0;0;0;0;0;0;0;0;0;0;0;0;0;0
0000.00.0247;RESEX Marinha AraÍ-Peroba;Amazônia;Sim;0;0;0;0;0;0;0,8921;0;0;0;0;0;0;12,63;0;0;0;4,39;74,34;0;64,48;0;334,42
0000.00.0248;RESEX Marinha Caeté-Taperaçu;Amazônia;Sim;0;0;0;0;14,4985;0;0;0;0;0;0;0;0;15,87;0;35,96;0;190,45;886,81;0;149,79;0;1346,01
0000.00.0249;RESEX Marinha de Gurupi-Piriá;Amazônia;Sim;0;0;0;8,6014;0;1,2081;0;0;0;0,02;0;0;14,16;33,48;103,32;35,01;17,88;26,06;409,32;0;480,22;0;5983,91
0000.00.0250;RESEX Marinha Tracuateua;Amazônia;Sim;0;0;0;0;0;0;0;0;0;0;0;0;0;22,47;0;0;33,23;8,64;206,79;0;87,5;0;501,33
0000.00.0251;RESEX Marinha do Arraial do Cabo;Mata Atlântica;Não;0;0;0;0;0;0;0;0;0;0;0;0;0;0;0;0;0;0;0;0;0;0;0
0000.00.0252;RESEX Marinha do Corumbau;Marinho-Costeiro;Não;0;0;0;0;0;0;0;0;0;0;0;0;0;0;0;0;0;0;0;0;0;0;0
0000.00.0253;RESEX de Canavieiras;Mata Atlântica;Não;0;0;0;0;0;0;0;0;0;0;0;0;0;0;0;0;0;0;0;0;0;0;0
0000.00.0254;RESEX Marinha de Soure;Amazônia;Sim;0;0;0;9,1353;9,7336;0;0;0;0;0;0;46,37;16,99;0;12,56;28,95;0;53,68;49,82;24,48;296,91;8,96;204,37
0000.00.0255;RESEX Marinha Pirajubaé;Marinho-Costeiro;Não;0;0;0;0;0;0;0;0;0;0;0;0;0;0;0;0;0;0;0;0;0;0;0
0000.00.0256;RESEX do Rio Ouro Preto;Amazônia;Sim;94,2028;143,3178;307,1911;161,1223;75,904;169,0178;254,9968;245,21;428,69;126,67;137,02;96,03;296,38;586,38;266,2;401,72;1179,58;1785,02;1069,76;147,34;1104,78;3508,04;7296,23
0000.00.0257;RESEX Riozinho da Liberdade;Amazônia;Sim;207,7074;314,407;96,6373;94,8688;24,5771;115,6679;7,0696;39,17;63,09;107,13;74,62;339;29,18;151,4;60,88;30,63;126,41;167,07;36,53;123,33;201,79;1765,49;1496,21
0000.00.0258;RESEX Riozinho do Anfrísio;Amazônia;Sim;356,2956;248,0217;481,3765;314,2706;168,9466;117,7386;199,4219;226,86;0;111,82;104,21;106,94;352,85;138,85;145,35;32,18;55,95;816,53;111,48;31,81;205,88;26,63;986,54
0000.00.0259;RESEX Tapajós-Arapiuns;Amazônia;Sim;66,6862;48,0255;107,6589;65,6166;47,1299;30,7178;50,7306;370,73;67,11;14,1;228,44;388,99;323,32;249,33;144,66;89,7;887,04;36,27;227,64;3257,02;1165,89;8978,91;35318,79
0000.00.0260;RESEX Verde Para Sempre;Amazônia;Sim;1110,2773;861,8279;738,7941;633,127;348,8979;262,6804;489,265;743,52;242,56;242,59;817,28;1300,63;1727,48;1159,43;1820,96;409,21;5748,61;3004,54;17932,35;0;0;0;469,92
0000.00.0261;ESEC da Mata Preta;Mata Atlântica;Não;0;0;0;0;0;0;0;0;0;0;0;0;0;0;0;0;0;0;0;0;0;0;0
0000.00.0262;PARNA das Araucárias;Mata Atlântica;Não;0;0;0;0;0;0;0;0;0;0;0;0;0;0;0;0;0;0;0;0;0;0;0
0000.00.0263;ESEC da Guanabara;Mata Atlântica;Não;0;0;0;0;0;0;0;0;0;0;0;0;0;0;0;0;0;0;0;0;0;0;0
0000.00.0264;PARNA do Rio Novo;Amazônia;Sim;170,7938;99,114;106,2973;130,4409;482,3297;293,3493;101,7783;74,96;64,1;11,39;75,73;126,42;9,38;468,72;123,28;255,56;532,06;2351,15;1685,73;2130,46;72,41;477,65;337,62
0000.00.0265;FLONA do Trairão;Amazônia;Sim;199,9067;203,0316;384,2193;7,0244;88,8419;0;7,251;62,94;29,79;0;36,1;0;120,81;151;589,12;181,95;483,35;841,17;255,78;148,72;181,65;0;114,8
0000.00.0266;FLONA do Jamanxim;Amazônia;Sim;18981,9689;12198,5857;10073,3211;7289,4836;2509,7246;7305,8396;9250,4361;4922,49;6462,44;2975,89;1301,28;1186,74;10293,5;7399,97;14019,02;7374,54;8703,52;31238,58;8251,2;15597,82;3673,97;4422,35;10524,16
0000.00.0267;PARNA do Jamanxim;Amazônia;Sim;1341,6697;867,9442;622,199;281,8629;20,3582;236,6255;595,579;203,6;518,69;179,59;101,09;180,07;299,15;1146,76;664,84;610,29;1766,09;1821,99;743,36;633,7;380,29;971,46;6449,84
0000.00.0268;APA do Tapajós;Amazônia;Sim;10645,8513;6963,785;6552,0233;3994,8278;3229,7236;3144,0059;3437,919;2843,12;3170,22;2267,56;1356,14;854,34;1530,03;1667,96;1805,32;669,82;1625,23;5051,84;6397,52;1193,45;1346,59;5876,38;44665,93
0000.00.0269;FLONA do Ibura;Mata Atlântica;Não;0;0;0;0;0;0;0;0;0;0;0;0;0;0;0;0;0;0;0;0;0;0;0
0000.00.0270;FLONA do Crepori;Amazônia;Sim;301,7874;298,5623;328,5154;209,7238;218,2252;163,3092;73,8699;11,19;8,43;7,06;16,06;34,3;72,15;30,48;50,89;132,9;0;277,6;279,98;108,89;52,83;131,65;1560,18
0000.00.0271;FLONA do Amanã;Amazônia;Sim;941,7294;868,7378;906,8515;780,0951;593,9861;453,5247;215,2986;297,24;91,9;247,7;154,65;63,3;242,42;28,9;26,44;103,89;186,53;63,39;116,72;99,16;148,42;21,62;2,69
0000.00.0272;PARNA da Chapada das Mesas;Cerrado;Sim;88,3045;174,264;35,8635;21,0578;83,8828;165,5641;146,1083;153,3115;159,7928;169,74515;169,74515;48,48385;48,48385;43,9146;43,9146;276,9005;276,9005;420,7343;420,7343;79,56095;79,56095;1244,0272;0
0000.00.0273;RESEX Arióca Pruanã;Amazônia;Sim;124,6638;11,3746;42,9637;48,7058;87,1555;85,1376;13,2207;33,89;55,47;51,62;99,54;1122,62;111,11;138,78;107,83;12,82;31,16;40,32;201,14;85,7;6593,47;595,3;0
0000.00.0274;RESEX Alto Tarauacá;Amazônia;Sim;124,7915;0;190,416;0;14,8029;16,2623;6,5764;176,58;3,49;157,5;194,17;315,96;35,9;249,1;85,11;30,11;97,06;52,6;166,18;243,67;358,5;310,94;924,4
0000.00.0275;REBIO das Perobas;Mata Atlântica;Não;0;0;0;0;0;0;0;0;0;0;0;0;0;0;0;0;0;0;0;0;0;0;0
0000.00.0276;REBIO das Araucárias;Mata Atlântica;Não;0;0;0;0;0;0;0;0;0;0;0;0;0;0;0;0;0;0;0;0;0;0;0
0000.00.0277;PARNA dos Campos Gerais;Mata Atlântica;Não;0;0;0;0;0;0;0;0;0;0;0;0;0;0;0;0;0;0;0;0;0;0;0
0000.00.0278;REVIS dos Campos de Palmas;Mata Atlântica;Não;0;0;0;0;0;0;0;0;0;0;0;0;0;0;0;0;0;0;0;0;0;0;0
0000.00.0279;RESEX de Cururupu;Amazônia;Sim;0;0;0;0;0;0;0;1,65;0;0;0;0;0,11;27,2;6,36;0;0;11,88;466,06;720,63;20564,3;0;0
0000.00.0280;RESEX Rio Iriri;Amazônia;Sim;23,4549;6,8377;0;0;0;0;0;0;11,02;11,15;0;0;78,51;811,15;67,74;344,46;311,69;558,08;114,52;134,47;168,6;37,01;4529,38
0000.00.0281;PARNA do Juruena;Amazônia;Sim;70,4059;38,138;48,8915;10,0928;10,8592;7,6204;5,4337;0;34,86;7,2;36,09;7,84;0;66,39;548,35;504,63;639,77;16,2;58,47;406,1;23,4;54,38;181,17
0000.00.0282;RESEX Terra Grande-Pracuuba;Amazônia;Sim;63,401;73,2006;87,5595;0;0;41,3174;0;2,29;60,66;0;14,08;224,27;114,06;0;81,5;34,47;55,01;29,17;19,8;1371,5;3581,13;0;0
0000.00.0283;RESEX Rio Unini;Amazônia;Sim;6,5809;3,1361;0;8,241;0;0;0;40,85;7,83;0;53,85;24,54;0;16,41;0,56;0;0;5,04;31,68;7,22;191,28;638,58;247,95
0000.00.0284;PARNA dos Campos Amazônicos;Amazônia;Sim;735,0473;513,9875;0;37,7533;28,0354;1,1105;36,2053;0;190,39;48,6;13,04;10,22;77,59;272,89;288,62;157,31;200,44;302,48;555,03;33,24;16,01;11,52;57,45
0000.00.0285;RESEX Arapixi;Amazônia;Sim;235,3325;96,2258;214,7813;316,8708;130,9545;44,6741;8,2617;28,87;16,81;10,38;27,91;33,14;58,27;8,07;38,65;8,33;66,64;53,64;426,15;80,51;7,92;124,24;1596,44
0000.00.0286;RESEX de Recanto das Araras de Terra Ronca;Cerrado;Sim;6,0386;0;28,6836;0;0;0;8,1664;38,2395;7,5662;0;0;8,9056;8,9056;0;0;0;0;148,1932;148,1932;0;0;134,0881;0
0000.00.0287;RESEX Lago do Cedro;Cerrado;Sim;98,9262;621,9704;47,6845;141,5902;0,2292;0;1,7675;0;1,5862;0;0;26,16205;26,16205;34,18125;34,18125;15,05085;15,05085;112,47635;112,47635;126,37525;126,37525;1204,8056;0
0000.00.0288;RESEX Gurupá-Melgaço;Amazônia;Sim;9,9771;25,8335;44,3305;26,6428;21,1363;0;0;6,52;0;46,1;6,7;7,78;0;51,36;10,04;20,02;28,07;46,82;64,49;710,43;1236,91;0;0
0000.00.1517;RESEX do Alto Juruá;Amazônia;Sim;326,5617;1836,0356;850,2921;257,8727;179,1233;168,9758;18,3074;575,08;150,85;305,66;791,69;1761,3;0;798,42;174,05;156,37;522,77;569,91;106,95;1054,41;178,27;2240,51;4483,93
0000.00.1518;RESEX do Rio Cajari;Amazônia;Sim;303,2023;97,8026;159,8606;254,9448;155,6655;189,9103;122,7569;278,23;107,701;136,1;65,32;226,85;539,61;755,81;315,67;116,51;231,97;125,69;1070,47;0;0;0;7407,05
0000.00.1519;RESEX do Ciriaco;Amazônia;Sim;0;10,3419;9,7003;0;0;0;3,644;22,5;0;0;15,37;0;54,43;112,18;158,83;340,06;10,07;16,37;0;0;0;79,79;4615,68
0000.00.1520;RESEX do Quilombo Flexal;Amazônia;Sim;0;0;0;0;0;0;0;0;0;0;0;0;0;0;0;0;0;0;0;0;9338,42;0;0
0000.00.1521;APA Bacia Hidrográfica do Rio Paraíba do Sul;Mata Atlântica;Não;0;0;0;0;0;0;0;0;0;0;0;0;0;0;0;0;0;0;0;0;0;0;0
0000.00.1563;RESEX Acaú-Goiana;Mata Atlântica;Não;0;0;0;0;0;0;0;0;0;0;0;0;0;0;0;0;0;0;0;0;0;0;0
0000.00.1564;RESEX Chapada Limpa;Cerrado;Sim;87,0259;38,0691;33,9116;65,0701;48,581;43,6847;60,4753;20,5225;4,0141;104,53955;104,53955;95,68485;95,68485;201,8576;201,8576;58,98645;58,98645;105,88185;105,88185;67,98925;67,98925;163,9093;0
0000.00.1605;FLONA de Negreiros;Caatinga;Não;0;0;0;0;0;0;0;0;0;0;0;0;0;0;0;0;0;0;0;0;0;0;0
0000.00.1606;RESEX do Médio Purus;Amazônia;Sim;193,8323;138,3986;128,6961;89,9962;0;191,9235;6,8021;24,85;89,02;7,56;46,58;146,95;59,51;60,51;103,18;10,93;95,87;73,5;553,22;83,65;144,5;534,59;2178,54
0000.00.1612;FLONA do Iquiri;Amazônia;Sim;119,2381;43,8706;101,2686;61,449;22,2544;48,5919;77,8621;14,14;139,18;61,57;308,04;52,96;282,22;565,62;873,38;2804,1;501,38;811,76;281,98;59,15;19,92;802,12;1672,56
0000.00.1626;PARNA Nascentes do Lago Jari;Amazônia;Sim;0;13,1562;0;0;0;0;0;0;0;0;11,09;0;8,85;0;15,3;0;0;7,93;0;20,9;0;30,56;2169,39
0000.00.1628;RESEX Ituxí;Amazônia;Sim;125,377;25,985;0;30,9095;17,4913;28,495;33,9148;13,11;61,93;317,69;121,35;29,13;6,19;19,36;99,81;24,78;6,52;32,72;73,05;7,56;103,25;90,24;372,84
0000.00.1633;PARNA Mapinguari;Amazônia;Sim;391,5545;245,1852;78,1165;18,3718;338,339;47,8718;40,9838;50,05;290,85;1024,29;370,82;130,79;74,84;1173,99;1854,36;1993,28;1314,07;438,96;542,85;36,38;55,07;56,13;922,22
0000.00.1635;RESEX Rio Xingu;Amazônia;Sim;2,1499;0;1,3077;0;0;12,9684;0;7,17;9,85;25,85;0;19,65;0;89,05;534,02;609,66;195,36;1302,14;32,04;0;233,06;41,76;473,41
0000.00.1683;APA Serra da Meruoca;Caatinga;Não;0;0;0;0;0;0;0;0;0;0;0;0;0;0;0;0;0;0;0;0;0;0;0
0000.00.1808;RESEX de Cassurubá;Mata Atlântica;Não;0;0;0;0;0;0;0;0;0;0;0;0;0;0;0;0;0;0;0;0;0;0;0
0000.00.1809;RESEX Prainha do Canto Verde;Marinho-Costeiro;Não;0;0;0;0;0;0;0;0;0;0;0;0;0;0;0;0;0;0;0;0;0;0;0
0000.00.1810;RESEX Renascer;Amazônia;Sim;282,6033;379,1322;138,2277;94,0572;413,3324;191,4244;475,5719;126,44;229,88;69,48;201,77;455,19;282,68;883,73;446,79;1034,79;278,74;220,27;2955,68;7,05;5262,84;0;1695,95
0000.00.1812;MONA do Rio São Francisco;Caatinga;Não;0;0;0;0;0;0;0;0;0;0;0;0;0;0;0;0;0;0;0;0;0;0;0
0000.00.1813;REVIS do Rio dos Frades;Mata Atlântica;Não;0;0;0;0;0;0;0;0;0;0;0;0;0;0;0;0;0;0;0;0;0;0;0
0000.00.1880;REVIS de Una;Mata Atlântica;Não;0;0;0;0;0;0;0;0;0;0;0;0;0;0;0;0;0;0;0;0;0;0;0
0000.00.1907;REVIS de Boa Nova;Mata Atlântica;Não;0;0;0;0;0;0;0;0;0;0;0;0;0;0;0;0;0;0;0;0;0;0;0
0000.00.1908;PARNA de Boa Nova;Mata Atlântica;Não;0;0;0;0;0;0;0;0;0;0;0;0;0;0;0;0;0;0;0;0;0;0;0
0000.00.1909;PARNA da Serra das Lontras;Mata Atlântica;Não;0;0;0;0;0;0;0;0;0;0;0;0;0;0;0;0;0;0;0;0;0;0;0
0000.00.1910;PARNA do Alto Cariri;Mata Atlântica;Não;0;0;0;0;0;0;0;0;0;0;0;0;0;0;0;0;0;0;0;0;0;0;0
0000.00.1911;REVIS de Santa Cruz;Marinho-Costeiro;Não;0;0;0;0;0;0;0;0;0;0;0;0;0;0;0;0;0;0;0;0;0;0;0
0000.00.1912;APA Costa das Algas;Mata Atlântica;Não;0;0;0;0;0;0;0;0;0;0;0;0;0;0;0;0;0;0;0;0;0;0;0
0000.00.2633;PARNA da Furna Feia;Caatinga;Não;0;0;0;0;0;0;0;0;0;0;0;0;0;0;0;0;0;0;0;0;0;0;0
0000.00.2634;REBIO Bom Jesus;Mata Atlântica;Não;0;0;0;0;0;0;0;0;0;0;0;0;0;0;0;0;0;0;0;0;0;0;0
0000.00.2874;PARNA Marinho das Ilhas dos Currais;Marinho-Costeiro;Não;0;0;0;0;0;0;0;0;0;0;0;0;0;0;0;0;0;0;0;0;0;0;0
0000.00.3131;ESEC Alto Maués;Amazônia;Não;33,4555;5,3021;45,7996;0;0;0;0;0;0;0;0;0;0;0;0;0;0;0;0;0;0;0;0
0000.00.3132;RESEX Marinha Mocapajuba;Marinho-Costeiro;Não;3,2901;0;3,5927;0;0;0;0;0;0;0;0;0;0;0;0;0;0;0;0;0;0;0;0
0000.00.3133;RESEX Marinha Mestre Lucindo;Marinho-Costeiro;Sim;0;0;0;11,9864;0;0;38,3084;9,84;0;0;0;0;0;0;0;0;0;0;0;0;0;0;0
0000.00.3134;RESEX Marinha Cuinarana;Marinho-Costeiro;Sim;19,9772;32,7891;0,0702;0;0;0;2,0553;0;0;0;0;0;0;0;0;0;0;0;0;0;0;0;0
0000.00.3135;RDS Nascentes Geraizeiras;Cerrado;Sim;10,9226;0;0;0;0;0;14,2093;6,2687;41,0644;23,13795;23,13795;26,35335;26,35335;33,8609;33,8609;11,5684;11,5684;136,1998;136,1998;84,8583;84,8583;147,6347;0
0000.00.3136;PARNA da Serra do Gandarela;Mata Atlântica;Não;0;0;0;0;0;0;0;0;0;0;0;0;0;0;0;0;0;0;0;0;0;0;0
0000.00.3137;PARNA Guaricana;Mata Atlântica;Não;0;0;0;0;0;0;0;0;0;0;0;0;0;0;0;0;0;0;0;0;0;0;0
0000.00.3407;APA dos Campos de Manicoré;Amazônia;Sim;0;0;40,5193;11,1918;26,8282;11,5868;0;0;0;0;0;0;0;0;0;0;0;0;0;0;0;0;0
0000.00.3408;FLONA de Urupadi;Amazônia;Sim;270,0493;137,9522;107,5223;155,2493;77,8242;23,2297;54,7623;0;0;0;0;0;0;0;0;0;0;0;0;0;0;0;0
0000.00.3409;FLONA do Aripuanã;Amazônia;Sim;395,4864;93,2029;735,6052;208,0321;197,465;38,1676;31,0824;0;0;0;0;0;0;0;0;0;0;0;0;0;0;0;0
0000.00.3410;PARNA do Acari;Amazônia;Sim;8,0403;193,3631;3,835;7,3076;14,0984;0;0;0;0;0;0;0;0;0;0;0;0;0;0;0;0;0;0
0000.00.3411;REBIO do Manicoré;Amazônia;Sim;21,3202;6,4048;0;0;0;0;27,0818;0;0;0;0;0;0;0;0;0;0;0;0;0;0;0;0
0000.00.3432;REVIS do Arquipélago de Alcatrazes;Marinho-Costeiro;Não;0;0;0;0;0;0;0;0;0;0;0;0;0;0;0;0;0;0;0;0;0;0;0
0000.00.3519;PARNA dos Campos Ferruginosos;Amazônia;Sim;1,9271;0;197,0321;26,8094;13,1762;105,0862;0;0;0;0;0;0;0;0;0;0;0;0;0;0;0;0;0
0000.00.3693;RESEX Baixo Rio Branco-Jauaperi;Amazônia;Sim;14,33;0;0;7,1987;0;0;0;0;0;0;0;0;0;0;0;0;0;0;0;0;0;0;0
